8.402048628031057,-5.615929674379126,0
9.315105478236683,-2.615122697011247,0
4.59750364669555,-9.450606583799596,0
-4.445310708094752,-3.102563595881498,0
9.357597173477137,-2.8942261049064,0
9.529385161422219,-2.466513492767615,0
9.441403062708686,0.3767046742733838,0
-6.253840797540596,0.09782849994176898,0
5.923501078548512,6.500800995464129,0
1.847472776475911,7.967062521181719,0
4.00909622019052,7.502888225557045,0
9.321586122318125,1.057517306576887,0
6.091978817085399,6.409252939893972,0
-5.745318338441861,-1.398089982793024,0
-2.993470641145552,-4.270050665440992,0
5.237259525087217,-8.979286312032997,0
7.536041400035313,4.76878215813366,0
-1.777662429655422,-10.98632855787136,0
5.374394299052867,-8.821811976710629,0
-3.781411627855166,-10.53989483260347,0
-2.738144751667428,-10.72895643972173,0
1.293426617327527,8.073411050742777,0
-6.172984305580203,0.6216584809603396,0
-1.256178721921279,7.565402343875071,0
4.311846761103445,7.288829005468991,0
-6.295833196355057,1.193048384363503,0
8.70229903322287,3.150433158955853,0
5.469061269087888,6.611255156931299,0
-4.92838666236636,5.107948666561033,0
3.630464558313604,7.702022496430368,0
6.966373443514116,5.627913360724923,0
5.852531695309459,-8.505840164806004,0
2.009192752756311,1.616578590535237,0
-0.7344832498983401,-4.795454173416802,0
9.15627722722488,2.098663803834413,0
-0.9005261886900383,7.715499361050381,0
-5.538081366125917,4.144177129062755,0
3.189477403182424,-0.02829700410724163,0
-6.316044961607721,0.9918131636953131,0
8.402499287880863,3.733748189043311,0
9.486015940146004,-1.550773353655258,0
-3.995110236708843,-3.511863344694945,0
-2.261125088620917,-10.91667166463192,0
6.857543131411886,-7.561080718766465,0
6.238626752919465,-8.146816176943382,0
-2.822275596040914,-10.76304628073238,0
4.16179555033461,-9.682321271392249,0
8.934511015176033,2.257937450899047,0
8.676785871510612,3.223752883841516,0
7.043294899023037,-7.525637896837927,0
-1.870228072606883,7.356727007293828,0
-4.920616204049129,5.060379446771274,0
-2.705573452143144,-10.84887803750135,0
-6.21138608865849,0.2289065576171667,0
8.693303853372576,-5.087917095454545,0
-1.976399777659777,-4.593724327413216,0
7.356313605621775,-7.138721815824221,0
4.730272028993705,7.030972385178211,0
-4.939115974252797,5.0092917398239,0
5.692504756410749,-8.700420419367987,0
7.619142322010567,4.913108155036967,0
3.242607964988563,-0.2823359120784688,0
-1.547968001282961,-10.89741632305798,0
-3.380854627801327,-4.020690006159089,0
-6.219867874209739,1.844996123405436,0
0.03435625410266478,-10.91141789684081,0
-5.587412105623977,-1.708438948062692,0
3.333367565265717,-9.99897582736023,0
9.222122179851805,1.97240769754118,0
-4.532453401024688,-10.36666787190198,0
-2.42081066040528,7.102344904224476,0
5.737033908709424,6.501283631264617,0
-3.205010497965668,-4.16846431144354,0
7.836908198247656,-6.507739323824798,0
2.18675141456522,-3.562227260893265,0
8.78586533270448,2.754385895207429,0
9.508299116778668,-1.721742278794723,0
7.308867128125575,5.170708388844076,0
-0.7026102086627355,-10.87852802599377,0
8.335969106358261,-5.393672141939128,0
-0.9429516850416327,-10.84718351829351,0
-4.796642393765324,5.218002691505491,0
9.469064148256882,0.7903931576603473,0
-2.344628171798296,-4.606012611076042,0
-0.2603521357304678,-4.723383831564897,0
-5.419132973542494,4.195841802771455,0
7.813579583275671,-6.281644447055895,0
0.7088037864254018,8.061583323799246,0
-3.8775346488445,-10.43831637738438,0
8.880497564396887,-4.266047722497167,0
0.6484757681378109,8.097837153871605,0
7.783339624283938,4.599058585222994,0
3.242628219011148,0.1054280041383367,0
-6.34682940398012,1.058415811418886,0
-3.356666586932217,-10.60430595086403,0
-0.01725226070488356,7.882053606323296,0
-2.363680306991545,-10.8733491243268,0
-1.189184933795885,-10.87575031645107,0
7.642275916192253,4.826307000534346,0
8.965413149719136,-4.261655883492669,0
1.60520499573184,-10.57531238377593,0
2.010908727630531,1.582839232553804,0
1.045791431634921,8.039001792830346,0
7.532802369472461,4.950816129394214,0
-1.376740560349406,7.650610423151525,0
-5.616548445070994,3.854871877850595,0
7.437766567397152,-6.870736885610816,0
9.56586967856123,-0.003098720710566882,0
9.128933904090085,-3.942450298806718,0
7.466033576834552,4.977831557263651,0
8.766068471550113,-4.740771042575814,0
3.223622611336649,7.73760252692658,0
0.9573482526670973,1.861412014756237,0
3.939575844054923,-9.783071426675766,0
0.8940630317428893,-10.74257904607872,0
9.582160084462656,-1.077353154263742,0
9.476579254922227,0.7861864763023854,0
2.757758030012456,-2.684635916616942,0
2.502201044760694,-3.157670420849711,0
-0.1332616568739429,-4.585706380830924,0
8.765664382974428,2.706933105571305,0
1.057470663168003,-4.380119597955551,0
-4.909573640046658,-10.14766156748737,0
-4.789253578438666,-2.965527305386011,0
8.397426536781319,-5.510313478918065,0
-6.01552946526373,2.947123841615099,0
2.067000193628732,-3.771958292371445,0
-1.409613555555028,-10.93086427075192,0
4.968303655814942,6.987484791011941,0
8.389407797992545,-5.467668320111638,0
9.035766381520641,-3.918157056884677,0
2.980478299361507,7.789251552128899,0
-5.414846125584814,-9.95471383390294,0
8.835750596237613,2.88542343736176,0
9.501900349286009,-0.1312698404186395,0
0.1432772507463988,-10.94951845162502,0
5.388642530666848,6.79974848876789,0
6.437293532042199,6.106789260327925,0
3.216835271374056,-0.07512856952792477,0
0.3079424888699073,-4.566360199404078,0
6.394574334019293,-8.11612783402237,0
0.4288391587504245,-4.56280245936841,0
-4.659738692163932,5.534487414937832,0
5.577192166203119,-8.763017508575857,0
-5.628736731256919,-1.916346072567927,0
-2.140604617633006,7.223924275605655,0
-5.737132267186593,-1.501709798326312,0
4.670328772604242,7.287907660197572,0
3.446511789486073,-10.02160889375837,0
-4.979081284311416,-2.495089089450615,0
4.679461888261605,-9.483664914856131,0
1.499554659020086,7.945846642394912,0
3.60950400175427,-10.00578377200458,0
3.271175649095486,-0.3199767238005998,0
9.273996696610148,-3.392513136614276,0
5.252260370727252,-9.16689978547538,0
8.872134575383029,-4.570380488886498,0
-6.161318929823427,0.0640134177624115,0
-6.102280079687574,2.151299603830804,0
-5.677584109806041,-1.478652219832106,0
-0.1968983862009956,7.830628842530367,0
8.869392046744576,2.635255028137501,0
9.477950431713056,-0.924754084020231,0
2.521054074946326,-3.0532281022186,0
9.490916597809317,-2.572723153019839,0
-6.007338080589286,-0.4948032991085993,0
7.568587085711133,4.980360031632047,0
-3.585736233077722,-3.886502655146801,0
-0.7570670764996488,-4.761705914642513,0
-1.512565068362343,7.519730282682677,0
1.744983462817071,-10.69731202444254,0
7.101099123548834,5.310911094248284,0
4.425566275408502,-9.568472867580198,0
1.944874666337059,-3.674939391988302,0
8.499767379763457,3.414851516157976,0
-6.044658023194649,2.936165204718393,0
3.464669928192653,-1.136574037722119,0
3.349180191907738,-0.6361964432263167,0
2.62459478952291,1.167088959204311,0
9.573270755705245,0.3283925634527264,0
9.049418669930603,-4.018537452293271,0
-4.295825260987944,5.853845434479043,0
1.977841591731391,7.939914212508378,0
-5.164139900762876,-10.18170181600713,0
2.89171037038316,-2.699937048089645,0
4.949158083636281,-9.156645869460357,0
-3.356187992641934,6.609140542787837,0
8.642715655197152,-5.047399123599859,0
2.45223425659821,-10.4539770630115,0
-3.973436090940955,-10.53543535388938,0
-1.973353963912456,-10.93161427172989,0
5.000492641284802,-9.13759095409892,0
5.780139305851464,-8.511904181752369,0
-2.359510171975876,-4.474692923689804,0
4.882471044766481,-9.345368958164618,0
-5.714598308278118,-1.339323045702115,0
5.645722042430623,-8.65235387254492,0
-3.653615376595698,-10.62512426826468,0
-5.571160392957411,-1.878712239858255,0
-3.797217269121322,-10.66737354563316,0
3.532251498148544,7.641503293605394,0
7.935890276401024,-6.198051803176535,0
-5.812262184652843,-1.283102855339928,0
6.467489910041526,5.877399977949685,0
7.970122722352378,4.553873104875558,0
8.876985484742422,-4.253205226942892,0
8.492033061889511,3.564210855128723,0
0.06367597440841216,-10.87658545531448,0
3.258532311409185,-10.03251209221459,0
5.548399805326002,-8.866179981679192,0
-5.341165896870143,-10.00573296383983,0
-4.494363237929719,5.597448781903381,0
-4.7782754710776,-2.858343067475409,0
-0.8305998362113106,-10.91704379968594,0
9.537618515691236,0.2616245340762663,0
8.291164312869775,-5.716331511399781,0
6.657865615137045,5.95619978678642,0
-0.4271670483235147,-4.771167566007303,0
0.771732286955604,8.064751448493983,0
-5.211490416478989,4.783737567237254,0
-5.259959238471247,4.667972484762549,0
9.273278837828327,-3.04162542899252,0
1.481073340007227,-4.033447346204886,0
9.321216125515736,-3.000946451138115,0
8.411421904453503,-5.611236114856952,0
9.266781055721911,-3.56613089216675,0
-2.725228064073622,-4.421657274139116,0
3.38814054901804,-1.532050093669171,0
-1.88011574119724,-10.92514399851891,0
-2.512354918206583,7.034548074123103,0
-5.536926077387345,-9.896118668987494,0
-4.589016563844047,-10.34426091679467,0
3.361574142693692,-1.734555652572262,0
3.222375713790282,0.04398815394778523,0
5.69764948547313,-8.551725102485817,0
3.383831763017673,-0.7815366373811139,0
-4.005617959138432,6.108312656783966,0
-6.15635058565559,1.879133864698765,0
6.887639246890374,-7.627955101298253,0
6.554467185113536,-7.960822019367584,0
-1.624582746156446,7.474730980059172,0
9.424995591949937,-2.924630143787336,0
-4.895297723594682,5.05957806297379,0
2.962572460362169,7.743697783657407,0
1.944452058121368,-10.63655530710765,0
-2.668519969711984,7.029407755585848,0
2.977202782348103,7.776770235538567,0
0.6134484369352855,-4.47310023830969,0
-1.126145151392448,7.788772594652944,0
5.843421230222581,-8.543875797463508,0
-1.744882898834953,7.451638493760784,0
-1.225280478787413,-4.601737044166389,0
-5.592219266381334,-1.549792890279481,0
1.686057199602389,8.018357886074154,0
-4.572574015921333,5.548956514989424,0
7.784010034576103,4.511988817182629,0
-0.3074692409536783,7.875789701737196,0
9.519122158453783,-2.586238231376521,0
-5.603006442796154,3.884864775542892,0
9.373340354477817,0.5626966382951266,0
-0.09657013966884623,7.884233294804625,0
-0.6502401871699469,7.817804874182195,0
-4.315551116034859,-3.278213857953292,0
1.37178460942678,7.954442034982504,0
-5.307623292521161,4.4057812162387,0
9.356514437178008,0.8569362585193474,0
9.184597071090009,-3.600257948952945,0
0.8483104536284308,7.99544460983144,0
-2.163902742550751,-4.619097590818629,0
-3.455688565642634,6.647725638386656,0
-1.914191031653613,-4.653106164672879,0
-5.978602350070904,3.264544692491172,0
8.526851106226722,-5.307473997554932,0
0.7275238238798923,7.912812409109931,0
6.05012015561698,-8.446875022053636,0
6.451842069349996,-8.228380842745853,0
-2.752181528857255,-4.390712713751731,0
-5.880814228771936,3.45642626635401,0
-4.488404415485094,-10.38666081932356,0
-0.7093554700420673,7.896112873963196,0
8.414295663337466,-5.617859126601175,0
-3.964845337465988,-3.649115256039691,0
-0.4948440628500489,7.875567836463421,0
1.916463290524768,-10.52361937358304,0
2.524994922592828,7.955044456051463,0
-1.228495015399378,-4.772656014377442,0
8.607387413540131,-5.128999997523603,0
6.01878579981439,6.440055278973321,0
-2.013454138754808,-10.98089683480773,0
1.012405273025514,8.022862939155255,0
-6.121231222336496,2.485503825114173,0
1.622713319485284,-4.087319852953946,0
5.412604163164556,-9.069472072437069,0
-4.067386839875964,-10.41600538542969,0
9.613304851121402,-1.62680729434083,0
-0.6029283215637072,-10.91582316632387,0
2.170294005142192,8.032056665827787,0
2.83652581890813,-10.33691954878488,0
7.226002912417996,5.194473812473503,0
-5.855371057498223,-1.227769754624741,0
-2.830080569127938,-4.33262493453921,0
1.198101878905216,8.029668303764526,0
3.356119364273769,-1.518895541891713,0
9.492597746257685,0.8502563723709615,0
-1.487063673562649,-11.02641095592176,0
-5.575170207069904,4.045962425060816,0
6.833562758161209,-7.784584509458137,0
-5.455099217545671,4.387900511053601,0
9.376814783913403,0.7353054607435933,0
2.40342574872778,-10.48604312415615,0
-1.431520232138705,-10.98408089818818,0
7.85756169656262,4.532999344820522,0
-4.485032288979793,5.584623284081651,0
-5.157349644144902,-10.05227442664402,0
2.004835623219038,-10.60024902876109,0
-6.126773001445268,2.12884950831205,0
5.231014541503983,-9.162156115590111,0
4.769301800578333,7.205256695092634,0
3.171037576892766,-1.788437505561102,0
2.071849360948478,7.890515441098008,0
-6.244553381095477,0.6902646890870962,0
9.599248926113651,-1.670678198554728,0
8.372695229357314,3.748151618150675,0
1.30440427510078,8.086925814279233,0
6.506689336130073,6.002581484174829,0
5.293427576005334,6.843502282331995,0
9.477204149025145,-1.756228014990203,0
-3.175291288579349,6.749672220312896,0
2.08758499672527,-10.45094620083142,0
1.412415785265325,-10.63618188657128,0
-4.582551692233091,5.54230903395043,0
8.727449932486428,-4.795851840544467,0
2.201964609290836,7.929662960144052,0
1.423279759426421,7.948187413599418,0
-1.337326623251634,7.679003383634416,0
0.4439873487123598,-10.94246552388822,0
-3.399171972614148,6.621760406993843,0
-5.968159074703947,-0.5969726805900528,0
0.3200466356301717,-10.82284060899415,0
-5.908705076179028,3.30263502044887,0
-6.290740775637291,0.2423067622047334,0
3.366771087487615,-0.4667689607131801,0
2.478463608418322,-10.29790930294725,0
-5.751727113549652,-1.089916513079539,0
-3.336824296478111,-3.971992184628065,0
7.027440347211082,5.401598641548613,0
-6.163316061348006,2.468308601642012,0
4.064380858265472,7.366817003465426,0
9.545968402937945,-0.4931016189027693,0
-2.213808605759653,-10.94523169388395,0
1.860033668120596,8.049863010301017,0
-4.824163403954969,-10.13691430088127,0
7.507983601253596,4.940555114435218,0
-6.146078570825933,1.814395245537582,0
2.561564468282604,-10.32788387993427,0
-5.874095350775388,3.260095268545115,0
2.622328372612036,-10.37828969836502,0
5.179601875016085,6.965940907163544,0
-3.634051218420877,6.419754636884969,0
8.985408572590874,2.653580679070177,0
6.255789235435502,6.199548744082061,0
9.459569965567997,-1.971819577599655,0
-6.190110328783534,0.7771239486435116,0
-0.4305422285552498,-4.722665606081996,0
7.446041153611368,5.107633645075395,0
1.849599123530717,-10.50583088466462,0
-3.076706856157029,6.791782699700979,0
2.573992890265532,1.240570637851895,0
-5.551953203929251,-9.868455276609021,0
6.270756866486884,-8.146104932269704,0
9.155678557561298,2.0796742542477,0
1.721629734132118,1.840156462331993,0
-3.974902167328395,-3.722827806079998,0
3.210687700448744,-1.600355631053919,0
6.947045825240791,-7.513036004529834,0
4.078288691391201,7.390776889466719,0
-6.228925089136056,0.7682857473020424,0
1.719731310128813,-10.59449985090794,0
2.349876256286957,1.274353685960281,0
-2.200714166094688,-10.90807516268686,0
0.8672450342117924,-4.262418032653011,0
9.610758575036865,-1.81815912820756,0
-2.181884610413376,-10.83532906567253,0
8.811097114925744,2.997929558822391,0
0.5681422909592262,8.052586056637914,0
7.400841244230992,4.97569619003453,0
9.58701964255939,-1.850991310347694,0
3.409465360795712,-10.09196307909379,0
-2.922153814151523,6.950220505480387,0
6.350703977818977,6.068423741654037,0
5.762681002916107,6.519281894757904,0
-2.80458504232902,6.979780156597465,0
-3.132709357650571,-10.65087439771203,0
1.059437012973178,8.115074242948078,0
6.058136275934296,-8.455034607139462,0
2.551205190980907,7.90378292540052,0
-5.443629156147018,4.20293089822866,0
1.993642612471432,7.881932020113499,0
1.077321350496906,-10.71214936994399,0
0.4700712782213055,7.944927391552956,0
3.260462949042693,-10.13902970380863,0
9.19182440644018,1.579901222263686,0
9.172129819987271,1.817521780108834,0
5.071173826133301,7.023001127512974,0
-6.166662901581229,2.400862910080297,0
1.93466544391383,8.0315419900006,0
-1.23464583248877,-4.718724428861264,0
2.097653943708587,-3.50089789684969,0
-5.683361505098816,-9.885983666176635,0
2.812559805930348,-10.36079571632129,0
-0.4029207034549871,7.949147190834156,0
6.269954868525756,-8.197830130946807,0
-5.366760911247592,4.427872509052304,0
-0.06330568701819084,7.9731729249808,0
-6.013487445588156,-0.7010870587797037,0
-1.418004749868317,-4.585921940466431,0
5.857226581526391,6.480868871109888,0
0.1082859463569036,-10.93354337361835,0
6.179274099427245,-8.330511398200894,0
-0.1886920485800147,-10.96518806121418,0
1.865488088001307,-10.64095744941413,0
9.121611863693875,-3.675512854508566,0
8.761616931917303,2.797175289276042,0
-2.346138113953565,7.173344621913698,0
8.64268840537866,-5.153474412561192,0
1.412196810957633,8.09256539347661,0
4.491522300212855,7.257058691326191,0
9.494386207740176,-0.8674532023915754,0
0.4746649765769297,8.065680507488473,0
-3.527309259801265,-10.54546404422646,0
-1.127439194069851,-4.777774600774033,0
7.28324813998637,-7.111144347964026,0
-5.071925526860583,4.808442427168885,0
2.941019068515442,-10.12962291705434,0
9.497915536758546,-0.138545653187517,0
7.830712219641008,-6.377432002907888,0
9.463119520443188,-2.07552300288472,0
-5.476288065098114,-1.911140844349238,0
7.644166821372508,-6.548474438451015,0
-5.954502828407515,3.072929581426306,0
6.940398824570104,-7.612515802169648,0
3.110362740574663,0.6056740211690627,0
-3.741601704518359,-10.54486987926418,0
2.238832247644897,1.657800811088427,0
4.509519417104165,7.187698080112638,0
2.283320915082465,-3.288913273061965,0
-5.124679612873489,-2.505868166437435,0
-5.506868313507355,-1.771694016152078,0
-1.363343699395795,7.608464342808923,0
-1.380525892255846,7.645588588306469,0
9.521112993899839,-0.843980894908829,0
3.920096105334415,-9.866325395239388,0
7.505973843573992,-6.699975355515439,0
-3.889817528437391,6.322016918111298,0
2.477012653419526,-3.298839557675006,0
3.267116804803321,7.787691782415893,0
4.238350954012944,-9.722631143787712,0
-2.444184477504021,7.219250711777042,0
-6.333349733765047,1.019517098703685,0
9.177871727353386,1.653458365459864,0
-6.163314828800207,-0.3664232743350967,0
1.425082737979018,1.955044399037273,0
-1.760477308778158,7.438388983024311,0
3.411096514120877,-0.352496530697007,0
3.235461817952219,7.820963667675833,0
-0.1733921375082103,-4.588805790054807,0
9.129926287956801,2.115805829125347,0
2.675596526407802,-10.40279062257752,0
-3.619011961694302,-3.95437170650427,0
2.919177937856329,0.6071992267727764,0
9.339323340045432,1.037103895410753,0
9.165664865288974,-3.419712907880541,0
-4.933584681186974,-10.12892213098221,0
0.04094622058787423,8.038658180179072,0
8.874902147209333,2.863689840633969,0
9.282595018879659,1.522308197192701,0
-4.056864725523345,-3.541770190610439,0
-5.087543411156097,-2.622823472229644,0
6.766692536752088,-7.65523541939533,0
-4.961494986554313,-2.860343105998177,0
-3.63855281584754,-3.876274831346787,0
2.265578179875912,1.586788719784437,0
-3.614932962284352,6.511796918971926,0
-5.09623874447538,4.611963171988236,0
5.232355646523042,-9.073657164191383,0
-3.235675270839251,-10.60643868045289,0
3.431600618404718,-0.7470711422700548,0
-4.045977318669664,-10.48974353850602,0
-4.538131702975331,5.661661959398526,0
-4.731337930784965,-10.31050427691311,0
8.006110683488181,4.165069868025884,0
-5.267801250996391,-9.996000581281043,0
-3.513398194928542,-3.811698106781928,0
-2.726054109622582,-10.87762202223385,0
7.928093130925885,4.247045140832854,0
-3.311866197867099,6.579735388909937,0
1.470924359585801,-10.69088875665845,0
8.546122964307164,3.252038862735086,0
9.091681658670575,-3.875424695336577,0
-6.007638951805927,3.026577858001109,0
-4.924735922823876,-2.751474089428077,0
9.563977530365829,-0.7973166880289305,0
-0.845883458553786,-4.657623935743692,0
9.373403590955601,-3.135537307402866,0
-2.681335873154503,-4.269582700042631,0
9.47185242521047,1.030031272278619,0
-4.342762020986287,5.730517471431675,0
2.649658743774653,7.897033958011117,0
-5.624954576599371,4.154340068818455,0
2.799043811407351,-2.642140480752542,0
-5.354504800151301,4.495481182001592,0
6.377523574968703,6.22015042463614,0
8.748013369538223,2.841825748355676,0
2.51025557811437,1.369591835792122,0
1.111575091334175,7.993731949255086,0
-5.242397017325352,4.681548739269839,0
0.6228707779098537,-10.79901036326669,0
9.302925278486439,1.044414004709909,0
-5.973887337765641,3.159172834026675,0
-0.4723210578794764,-10.86914776971473,0
0.218553251797896,-10.81080457522487,0
-5.034471229036207,-2.574679709344667,0
0.5681122801110168,-10.84256798591052,0
0.5144648819092863,-10.89876561970302,0
-5.99611519573948,2.549829868180929,0
-0.5062205339597826,7.873692405946236,0
0.7221552042055084,8.03189812584651,0
6.505477783375452,5.975156695775515,0
2.295990912958585,-3.434599233334467,0
-0.09996197131524881,-10.9809318049392,0
-1.40432124541003,-4.628809201369005,0
-2.517682563657403,7.154943046245313,0
0.2009633345036043,7.877881098540265,0
-4.956315324295812,-10.23652952603922,0
-0.8011072844192392,-10.89157857379497,0
4.152387368755884,-9.663376565057497,0
7.873020510478372,4.606043111620461,0
8.687781988806131,-4.700421436239139,0
9.550312062119726,-2.23624919553779,0
-1.27320138559385,-10.8490044502236,0
9.305809047675234,-3.181385657424664,0
6.176840986900605,6.096638825050963,0
4.531428339535831,-9.366037201108858,0
8.474232563316141,-5.468662996408001,0
1.910841224849266,1.749504360334061,0
-6.155758092175408,1.557720216872848,0
-5.117796243836453,4.744306023145887,0
-1.303396514476517,7.581769731111946,0
-6.14051216042077,0.294536186210524,0
4.708907293788624,7.173088083177883,0
1.801946859133985,7.938155233665769,0
-4.923182179387629,-10.17543156317087,0
3.119702559985719,-10.20825777352228,0
7.286752828124021,-7.046969307382959,0
-4.855397127557159,-2.974216298872416,0
8.383248485199628,3.568983099706814,0
-4.217227372623103,5.893696874128969,0
2.850581985543284,7.886085238025628,0
4.628395730321023,-9.430416696259398,0
-2.626719405154582,7.125031152045224,0
8.409059406026325,-5.601398979716207,0
5.40574001719949,6.895238273524638,0
-4.129971408299649,-10.39076073555395,0
-0.5290489027303182,-4.793765183038608,0
-4.006117237562475,-3.709731822337911,0
-0.8914226311188312,-4.780308708540232,0
-6.051923372840969,2.848158573018466,0
3.856052356745524,7.648038554784739,0
2.680434028481034,-2.972293547784961,0
-4.370426006738644,5.754149112217748,0
2.197549289500413,-3.435800207010064,0
-6.024490015315309,2.644665845407288,0
-6.178744282575344,1.503819129135673,0
4.140802431953101,-9.70440092040648,0
3.171772222053616,-10.06642688858562,0
9.320129714846253,1.098474604671545,0
4.982992153772966,-9.148527148044538,0
9.475615281821524,-2.016123811339668,0
-2.8229134578482,-4.28479776375886,0
6.582273443983692,-7.929368108627302,0
-5.832951319423864,-1.234188313748132,0
3.211674618171479,0.3990581918360606,0
-0.935351422452053,7.649994411849539,0
8.403653578674218,-5.357414558655863,0
-5.976988584470395,3.165004166351927,0
2.915504984608257,7.887063857131418,0
-1.191745085144446,7.740440679038447,0
9.250319179380316,1.767874744235933,0
0.07802191474536717,-4.567979598078931,0
4.708683875647303,7.176657572884953,0
-3.029268948484543,-10.68923551168074,0
4.427951449178419,7.265768819986032,0
8.877882687500433,2.545925675601751,0
1.175559080121216,-4.156783859628259,0
2.246760872817163,8.037744302788743,0
-1.265694531532812,-4.622312308147407,0
8.89488235130988,-4.316642399734425,0
8.692528305792253,-4.853782267781022,0
-6.203105508585759,0.8223481640902101,0
-5.688481436658043,-1.712637289612059,0
0.134863873134574,-10.83998243012157,0
-2.885158357332548,-10.81453716099846,0
9.373340450336777,1.065571247296188,0
-4.248899495481552,5.81069008719717,0
5.261322310122631,-9.020885746133422,0
-5.652053048399393,3.968705337478871,0
6.527270023641067,-8.158209832300686,0
-1.071365663113492,7.756150330113405,0
-1.090031642659408,-10.89230411484367,0
7.531952131049307,-6.787912224724646,0
-5.339961936921545,-2.12848840269131,0
-4.073091570796143,-10.52424906674669,0
-5.310700849657225,-2.340609886775518,0
-4.293791797672135,-3.325349211673049,0
3.0694926755721,0.4449517772359973,0
2.919911913264222,-10.27606545300563,0
7.317195661948176,-7.110224785360677,0
5.816121607210856,-8.764654737359971,0
0.3699468223270433,8.03676563821093,0
-5.8605979116243,-0.9167097741782591,0
9.530293081602915,0.1277877466039598,0
-1.822615605457847,7.539113240659211,0
4.399055973612358,-9.657645850925217,0
-0.3526959787478548,7.86426271289095,0
0.4779977437874973,-10.90308006098133,0
-2.752683303871866,-10.83581638747935,0
9.491671806473349,0.7835297568894275,0
5.645223000889884,6.651484185321728,0
2.476719003744515,7.940245474690665,0
-6.189302804905581,0.8924503195191851,0
3.538066915976271,-10.04107525542265,0
1.210723130839138,7.956773079337498,0
8.075304305987235,-5.870640864128313,0
2.248137026958795,-10.53032466247233,0
6.471253279204903,5.989389464558611,0
-4.253402889374733,-3.513306341816248,0
-4.303758072278692,-10.5145605148209,0
7.080687314694227,-7.462598851696917,0
9.514374048205932,-2.030531476296243,0
2.597330864877048,-10.35989864303133,0
-6.330691870076631,1.034429099206566,0
-2.993509093378924,6.952299902607484,0
-3.745835423707518,-10.53274744361658,0
-5.382329449750364,-2.04639497836288,0
4.987629973083903,6.936557609685972,0
1.693160356180856,7.905859605985508,0
6.82512234238939,5.609767312861027,0
-5.728407702721063,-1.494950295792661,0
4.272304463417872,7.315393827915797,0
1.444627759370554,7.99761186950335,0
-2.739772231945961,6.897782575900228,0
2.517425865696305,1.319469707284504,0
8.749752803473683,-4.900819024665378,0
6.014283559866371,-8.32491722998817,0
-5.480454457078417,-1.953511008050726,0
9.285823551357334,1.799426603906599,0
-4.223332398910602,-3.397677896352229,0
9.417315178787527,-1.998148915559306,0
9.142872075195548,1.936154316614784,0
8.338956507960379,-5.551812591729751,0
8.822196703714523,-4.920811996751468,0
0.9762901127329084,-4.274839317943424,0
6.948279766248541,-7.553801857177021,0
4.37682712523972,7.376971838486981,0
-5.68688371342481,-1.372511697441827,0
-6.027259915413927,-0.2522873479521885,0
-2.392774879844866,-4.540237316316372,0
-1.666464516833003,7.596915452161176,0
-6.220405607624826,1.126868421557421,0
-5.786593336084765,3.629098941518693,0
6.100596126125322,-8.393905571448306,0
-5.659670505232532,-1.511273790320879,0
1.329428534709173,-4.239789365013402,0
-4.421733311240561,-10.41799769343391,0
2.499061735082761,-10.37658278699904,0
8.567776338820046,3.536494105936617,0
6.92872344454254,5.615941663632665,0
2.23762411639043,-10.43010844352541,0
7.031115494388165,-7.289533486644944,0
7.527537878212144,-6.990513314847578,0
3.528388977033597,7.647287304486437,0
-4.842647347151481,-2.806201973709046,0
-0.7883913249549908,-10.84135799545516,0
-0.4360044335608672,-10.90306208750496,0
3.843884003265618,-9.792583763994731,0
-3.715629196123985,6.312974676680125,0
5.857847695477926,-8.490823347869297,0
4.550118518177877,-9.566913970201389,0
1.300641134834461,-10.7679097428206,0
3.576213446486262,-9.973335885774162,0
9.501411695528576,-0.6212096315077525,0
1.321680671087765,-4.096657605762306,0
-6.184397373631922,1.668424942783689,0
8.981555696008833,2.306130850045452,0
5.284830045046208,-8.961484453237476,0
2.914034089028439,-10.21562743320946,0
-0.4730026759369979,-4.748770050087461,0
3.65997010662197,-10.07350810827728,0
-2.427875384408324,7.095251897313261,0
-4.711767614167201,-3.018945987260278,0
3.270066447972253,-1.467107867003486,0
-4.195332657456727,5.8382897535461,0
-0.7714248823902985,-11.02534871707621,0
4.099935673329862,7.517304208180238,0
-6.188529020422804,1.115363671608405,0
-3.448771813856665,6.595391401186011,0
-2.263774356329817,7.301860706506404,0
4.820775301184175,-9.394570501196924,0
3.310052401269273,-10.08442461663222,0
1.249909683868333,7.974213829990469,0
-5.644932220481615,-1.562760140854363,0
-5.345207914423611,-2.256656466829436,0
-5.809323243831081,-0.9701551093941323,0
1.874580376179263,-10.62000208387282,0
5.82218265569337,-8.577824648107411,0
-0.8792933592754731,-10.87501499528023,0
-5.694577401862144,-1.355472019053511,0
-0.2687693449765463,-4.714349887228212,0
7.109940176968584,5.519445940770709,0
3.17851317650884,-10.1794392746017,0
-1.968142799439465,-4.57334307267718,0
7.629281939727533,4.676945815590585,0
-4.465283532998033,-3.279503638828193,0
1.042098618698471,7.920805410574062,0
3.355072375627431,-0.536935964074618,0
8.099033978626476,4.254046312709129,0
9.337341801047193,-3.212497013657336,0
-3.120040064851402,-10.65485244329914,0
8.427906161721465,3.338327432856907,0
0.8527317991989809,-4.427674979056599,0
4.325828583848289,-9.644373622501833,0
-4.802230965179533,-2.807214177135656,0
0.5036316862124289,-4.514855759432933,0
6.994038107209344,5.608916070561611,0
7.261784776927068,-7.207844428229661,0
-4.000714027520585,-3.58142193257662,0
4.621011196634618,7.257631023944039,0
-6.252161959024858,0.3021647850064932,0
-5.819514312705604,3.501872433488176,0
8.483278043988374,-5.479533288652719,0
2.795844335903367,7.913686534101658,0
2.26501187477595,-10.49863482601942,0
0.03299520420763871,-4.711667956027372,0
-3.532232226920268,6.587929930124873,0
0.1468466724940054,-10.95221981399997,0
5.455238243563423,-9.008057581347394,0
3.047489420183451,-2.206904505526853,0
-1.695936939393913,-10.92781808128997,0
9.362525033424454,1.134910496467239,0
9.060572467915497,-3.89976375487996,0
-5.677829387907289,3.721939643721785,0
8.459572100298706,-5.429120374635977,0
8.004769560258417,4.290977118873564,0
4.681219543721896,-9.281854512217274,0
-4.726862382868915,5.377424287295281,0
-4.940123500981293,-2.75734120312963,0
-3.182727826602743,-10.63407242736044,0
-2.848037071141429,-10.73346328003242,0
-6.144957768767362,-0.1097039826079415,0
2.731394016837277,-2.711220724774632,0
9.474219322101622,0.03710126154863455,0
3.116318945719338,0.2100828221440056,0
7.905355093827239,-6.145366777304585,0
5.706959590874028,-8.708534418255699,0
-5.409656043947478,4.173431313766628,0
9.146805643861079,1.900954673670398,0
0.2220621561807165,-10.79745290534934,0
9.596370562517162,-0.7155122855550853,0
7.17938100641694,-7.144671722509179,0
-5.454767523901484,4.264355520822964,0
9.500679418303873,0.6618139844957538,0
8.067178443504861,-6.046797631651122,0
9.41190207140947,0.5389790600459448,0
7.234145743155554,-7.252900198767755,0
6.202257389878855,-8.26899875630629,0
-5.041365296322648,4.937833112589644,0
1.579257081059173,7.915199338400286,0
3.420575688602439,-1.038693975359752,0
9.3759849651219,-2.634942486793338,0
-0.2100788966944743,7.892518879194845,0
9.211266074467401,-3.370187935259398,0
3.097262233746554,7.82751443744968,0
-2.327084358516034,7.244505985354536,0
4.857922161296644,6.993227449754026,0
-1.307067820198227,7.703408154274913,0
-4.476228769932245,5.714873602135522,0
9.536600918121737,0.4998509212925661,0
5.721664934380017,-8.644948573960964,0
8.444362772993454,3.419333742051615,0
8.489717193129964,-5.204109009445773,0
8.799675589512955,3.023856608186618,0
3.853771897063432,-9.89883776274352,0
-4.548157569317323,-10.251782763091,0
1.742289389870887,-10.57074647859128,0
-4.200288781262137,5.813439443510414,0
4.01354833786699,7.438179256016264,0
8.035403664628445,4.197047140827254,0
7.598081858446224,4.750785438976457,0
-6.222103139673048,1.531899350778199,0
0.932621252668008,-10.86363062249202,0
3.29820382575751,-1.491468427228443,0
-4.966919762902952,-10.19675093501319,0
8.456886278062564,3.588019348999129,0
-1.209793660631071,-4.761854872852033,0
3.357793136706078,-0.4816704311708901,0
0.4174414300828568,-10.93874703038081,0
9.60638006296386,-0.111114694690674,0
8.866185911315252,2.552377114608862,0
-2.002223978365399,7.385145894196637,0
-3.516994482327296,-3.945103448729646,0
7.711946368082343,4.729986613937269,0
8.775242629107325,-4.837240979129995,0
6.597390739419089,-7.952685862987058,0
6.64756223033748,-7.874005419196128,0
7.83302282141897,4.580155949065719,0
-5.948232019902661,-0.9334361716450676,0
3.409384813578454,-0.7628962934361827,0
1.967164744407043,-10.48655504315308,0
8.970963417089468,-3.948806373336339,0
7.922424524456574,-6.341636090759993,0
9.321836668329459,-3.443523690602703,0
3.302796266840253,-1.576745383305359,0
-4.590277528770342,5.565862788175807,0
-3.32027684878798,6.599335398568767,0
-3.519423573691338,6.512311940245676,0
9.211922551289925,-3.408341817829064,0
5.297396441298154,-8.999338192862451,0
-4.266466612019843,5.852830954453681,0
2.989154355015407,-2.557016383857391,0
-0.5095246656786501,-11.02204771822862,0
9.628317649234523,-0.345016242938044,0
9.438014037093536,0.105775985837965,0
1.724574755083447,7.9716808468107,0
5.598514729501009,-8.735446640509945,0
5.896953781258749,6.485117588421458,0
-5.949935388987135,-0.6241157338112178,0
0.5927764462498891,-10.7843297317535,0
9.414980592689306,-2.296803365409461,0
1.15684165673641,7.954909531452669,0
-2.490496252613918,-4.491956315599436,0
-5.933475256361043,-0.8845668680768001,0
3.917411262345246,-9.897688338401711,0
3.101339205754986,0.5537061536435252,0
-2.100890611183987,-10.89134480706358,0
-5.46186748642821,-1.919060729243112,0
-1.198452530897819,7.563804268996581,0
5.180418266958021,-9.148567276731757,0
-3.445612116298034,-10.65274539438837,0
-2.018088249376685,-10.93196215269686,0
2.90887572021255,7.6923690005858,0
-2.98490525179894,6.866960802375618,0
-4.073254269993756,-10.46395906295398,0
-6.318668383607776,1.743366128869714,0
7.378749955967055,-7.019156536973665,0
7.332535775654237,5.119671804089334,0
-1.564851253859437,-4.640416038253865,0
4.896115972252152,6.993933439499162,0
-4.254422441448602,-3.486429589744086,0
9.540954662307026,-2.008541605539967,0
-4.281584738141538,-10.38574689862477,0
6.525677655749593,-7.941787324036289,0
-5.419960356621083,4.381814018095227,0
7.695497154568072,-6.583097336861846,0
4.227079413163666,-9.544242990435597,0
-0.4632269620028756,-11.00338753340743,0
3.667707310191427,-10.00485484203305,0
2.125677009775263,7.936930349006375,0
-1.909640400349035,-10.80926766036953,0
4.959975434935986,-9.23033754321755,0
8.449258312839941,-5.650640664337454,0
8.68845254619165,-4.89545896024714,0
-5.673855791317162,4.001356463593021,0
-2.504844785600238,7.039680467162122,0
2.171958440212477,-3.531299155631428,0
-4.347305250927964,-10.34738549149384,0
3.254979996622064,7.818114030499875,0
-5.687768159417227,-1.571035057427479,0
0.827112218854144,-4.402644443396124,0
5.385759030656038,6.75627209596997,0
-4.644557423070724,5.372665943867288,0
5.902978876885197,-8.5984102805278,0
-5.906914258382468,-0.7700200430244072,0
-4.676332391686129,-2.909753881329153,0
8.825060487937593,2.741297894656896,0
-0.0997196671147919,-4.732340280705923,0
-6.141550614098006,2.201711493425605,0
0.4932628284853413,-4.588366259695864,0
3.268054123973474,-1.382304290145194,0
5.365802527724682,-8.865449531709341,0
9.001845136348351,-4.027241545378066,0
-3.967855651630722,6.111104171239809,0
-5.413514271694078,4.229643952614693,0
5.903451100426234,6.360045028511664,0
8.901226940022484,2.386276002531146,0
7.617928781191257,-6.938309173965103,0
-2.826864925027051,-10.70807872151147,0
-4.546453431879813,-3.093697962299464,0
7.915691812264953,4.205707962229475,0
2.821515049893784,-10.19540296137719,0
-5.994003161409778,-0.8202160323331033,0
7.995000166312042,4.239079425674456,0
4.589396378501573,-9.464457431865316,0
7.622785612736029,4.836248972234239,0
9.373889883031143,1.058445072499789,0
-4.077150193143063,6.127560422806177,0
0.1081401597518334,-10.82291350900809,0
-2.327734988835348,-4.511480035699745,0
5.175307077720316,6.862074504139428,0
8.683518983535871,3.289409961997565,0
-4.271924414100964,-10.46004073679904,0
5.145408769833873,6.954980573198761,0
8.736714555150684,-4.947533553457113,0
9.583148159496703,-0.3586851570806627,0
8.804405466612751,2.992901805647139,0
-2.819486420807947,-4.259756721940211,0
9.378722491212228,-2.900011186588694,0
9.294878141372292,-3.045930249712025,0
5.376491002000247,-9.007838398876817,0
3.186541009918685,0.1845730161379181,0
0.6681390231288926,8.01508149184251,0
1.399838039576971,1.850065464089003,0
3.266468084544276,-1.587316096873088,0
8.497653251317631,-5.494208542426945,0
-2.492080131892051,-10.91677213457737,0
1.801228911334557,-3.787114735427026,0
-2.216981287575655,-10.91332385800181,0
3.371111753691703,-9.983092824599375,0
-1.238305819549085,-4.601507937212286,0
-6.210698334630125,1.073095933456728,0
9.556250546693327,-1.679428526432832,0
-0.4690525655429795,-11.00903362336919,0
0.9894983255966769,-4.318059725215763,0
9.091369261540756,-3.820104856154432,0
-5.89405618503317,3.392815833926649,0
-3.893299439902641,6.176335224973699,0
-2.596580340887368,-4.358352493872983,0
-1.131958926272866,-10.95408980967698,0
-6.259217747867223,0.7813843534743325,0
-2.714906658265296,-10.79864041753981,0
8.125326538067432,4.263875810154465,0
1.996409709959752,1.593748740099658,0
9.549340427829607,-2.203529771831176,0
3.211133124095475,0.1507271977189392,0
1.614485733355975,7.996142257453473,0
-3.695102156504347,-3.842553133422598,0
9.584892050487332,-1.979748333300229,0
2.934621570390337,0.8562043841769025,0
0.03896360172366559,-10.79897949380605,0
9.160614079943732,-3.811841176273379,0
6.967438539766921,-7.565445484950777,0
-2.320784596802965,7.343397840339081,0
-5.749715292915295,-1.485242016069062,0
9.185659301557315,2.140291716465459,0
-2.918835783769283,6.843388264386955,0
9.015266230598797,-4.110089020944867,0
9.562297185487237,0.04895069922024231,0
7.808480516255103,4.592691792143985,0
-3.69457873406369,-10.65335954804129,0
9.269658801470532,-3.557489066420771,0
-0.8495790468240603,-10.99756454779985,0
-5.529193536231963,4.077748562438136,0
7.328574234285806,5.159632620802006,0
-1.130944143404103,7.737559611882916,0
3.367990725245504,-10.05318917824923,0
0.2344822794366168,7.960993302742076,0
2.323603113813542,-10.49385157470683,0
1.969598340508988,8.019500418494983,0
2.584417419033879,-3.160181041937354,0
1.913475930472073,-3.769766668138989,0
-3.350187410875208,6.592188647374231,0
-1.380550250714159,-10.89630287342484,0
-1.380371376513363,7.647658843635893,0
7.514350856792679,-7.048651994688447,0
0.8110373881296101,7.929157231671566,0
2.519884929958168,7.947187309347647,0
9.209788527456036,1.318838512548862,0
3.032638264394509,-2.344557582821345,0
5.974872941247815,6.282547839842861,0
8.974104384621191,2.39599351567853,0
9.472418368590356,-1.50670749163431,0
-0.07796401833573044,-4.560676546777329,0
5.111610934018225,-9.01359899224853,0
2.753352677926462,7.782776186399064,0
8.592694870789478,-5.007028400265834,0
-5.76085699182707,3.681275065669113,0
3.422752728711145,7.751788940872224,0
-6.207855907810225,1.647216574525582,0
4.705406957140114,-9.311095880445276,0
9.530715263106249,-2.38602459056782,0
0.1160080968321554,8.031156311255362,0
-1.907146190784101,-4.631066799531925,0
-4.216127634425743,-3.551706463691633,0
4.001460212146931,-9.786899320000492,0
-3.431180882327603,6.512328535942703,0
-5.416474098264229,-1.997673226888578,0
3.392580557751653,-0.5314468780486801,0
-2.217228368105217,7.288375697353893,0
3.815142115695383,7.666186051822062,0
8.912014411560577,2.751724266759622,0
-0.8250392848429999,7.808307649009222,0
5.989650305601878,-3.092402106628986,1
5.240110781702128,2.715045891638076,1
-4.078844694460695,-7.194072653491036,1
6.508985776690164,-0.9676196000242915,1
-3.212622580242226,10.17568610790094,1
2.460676232736336,4.729055474143586,1
-5.224428478305881,9.189604328393173,1
6.415962048219876,-0.8857847273037508,1
6.388276794970226,-1.457219334022497,1
-9.292265588870666,1.921677332520017,1
4.717416299411458,3.355073274849297,1
-1.829682779242967,10.80931683730293,1
-9.006068617780235,3.684601164767154,1
1.692052960896282,11.08189655830236,1
-8.529952511633438,-2.75124677615853,1
-1.768840025428037,3.950285975221425,1
-1.052459888328332,10.89960793121679,1
-9.225703648339175,-0.9719426738664548,1
1.087213896037777,11.10416868806979,1
-8.503364352766773,-2.758827897284067,1
1.202583059748791,4.831429056430968,1
4.650341731894862,3.482829027253161,1
-3.087305398477426,0.59379887410252,1
2.620589497255606,11.09531415399475,1
-1.282290268748187,-1.746114450760025,1
-3.091544153689844,10.2289768814142,1
6.429831637963211,-0.4415990517087379,1
-5.390535396054034,-6.524027709534399,1
-6.432954185937313,7.90777404386255,1
-2.875241547452354,2.663913128715339,1
-1.205031650245656,-7.749722161429428,1
-0.9741832315840032,10.99384512427234,1
-9.04379244235494,3.707557250833854,1
4.988460652286414,10.5023539902993,1
-4.874578212312909,-6.667988166831169,1
1.902232861327683,-7.376365274789014,1
4.223920187073163,10.76110191987613,1
-5.542065631779211,-6.307073789911492,1
-1.525357823743549,4.130004441440039,1
-9.03138541407276,3.955697101555209,1
-6.6013690003367,-5.605217533776287,1
4.750271473909635,-5.285421380073043,1
-9.364030688898632,0.8164697594721059,1
2.381524818049287,4.706573859591667,1
-2.162079609271936,-1.328127622857711,1
-5.756350385289603,8.822483707328066,1
5.116009084718152,10.47018227372585,1
6.048064417143837,1.164405744163961,1
-0.997119050460199,10.87059927712357,1
-5.917255581988611,-6.081398293844563,1
4.281425258051929,-5.789395956752466,1
4.613280610066991,10.61692837573235,1
-3.550408182263799,10.03806083086028,1
1.495748914652289,-7.491831815747782,1
-4.096166052551067,-7.186553480353925,1
-9.283631529399379,0.3609478863733011,1
0.9364348835848741,-7.59813114315481,1
3.532209331693055,10.90180501030064,1
-7.052866437132741,7.482289787017714,1
-6.102188763449653,8.317300307802091,1
5.806002348721759,1.905127925734279,1
-0.7481554039555847,4.659811338575206,1
6.324552349405253,-0.06111165678923908,1
-5.224966860639984,-6.59345426062106,1
5.252282266415695,-4.619203562567795,1
-7.70622944752793,-4.383804391362949,1
-7.951846276490339,-3.831395240351406,1
-2.946733372338807,10.28396984307222,1
5.624874456165483,2.052229233880182,1
0.5633951663741243,11.05491951289736,1
-9.353330740506335,1.837412373102005,1
-6.181580230406944,-5.743498790472811,1
-7.829538195983427,-4.129426023790898,1
4.145264602443038,3.984030145874545,1
4.706770045979884,10.48900614106871,1
-3.585841190717938,-7.392733813891413,1
5.956035737029733,1.563083842800608,1
5.481025646630059,-4.118279052875161,1
3.460925096899913,-6.402373270619742,1
3.411284496823773,10.94710660649173,1
6.220212233108042,-2.943494426248629,1
-2.019814521627969,-1.368795116948013,1
-2.132279091300037,-7.719170917475628,1
6.108353061074097,-3.099480645968245,1
-0.9858577353453166,-7.873545084323983,1
-2.512389028344447,-7.704475171444251,1
1.85584112640028,4.875937995957219,1
-2.512559935874795,-7.644003118441055,1
-6.957157999212678,7.495034219252112,1
2.701318422981239,-7.034191878739635,1
5.385054776824531,2.413176766144705,1
3.989307856904897,3.90257679843244,1
-8.573116592489647,4.998768134825602,1
-1.829944661793789,-1.340679469128788,1
1.799942930037443,4.937986060554136,1
-6.5070649275768,7.901850672929935,1
5.398173840389049,-4.633291694287145,1
-9.404200812335786,2.197153235728931,1
3.696107052636509,4.231458068908932,1
-6.104248715087602,-5.871166493044424,1
-0.2514563019255388,11.02614818030436,1
5.707385254313009,2.01531251397907,1
-7.880306657060841,6.165056839490797,1
3.029502947912872,10.96488267015398,1
-6.783894309437541,7.804985724323918,1
-7.71992536740646,-4.250869983822198,1
2.085449413552823,11.08800217738702,1
-9.347951845209458,0.9203720849036882,1
-1.369893076128292,-7.875663645004202,1
-8.261792239063592,5.652771269620327,1
-5.563332580256671,8.769490143930978,1
6.388474215317651,-0.09710563877305661,1
-1.459303231357879,4.06671592048587,1
-7.333811297839651,-4.679251185232014,1
4.22485285216826,10.71305520732322,1
-6.73352853360932,7.582244841946034,1
-2.89326201692518,10.3311444447994,1
-3.584972736459434,-7.334083275664678,1
-5.287773029167013,9.151661191959116,1
-9.316594651185401,0.547760495475679,1
2.832423778174555,4.537840466591017,1
2.887901310642497,4.447858761696787,1
6.402606530501932,-0.4162587672043459,1
-4.002614421676812,-7.132779327129189,1
-9.259989737375985,-0.4867175749976765,1
-5.694335884051847,8.65524925707771,1
5.78647617145687,-3.723509872352507,1
-4.489834687750314,9.56805053965037,1
-5.271179092524711,-6.450672177648427,1
-2.522700060036621,-7.619357470829179,1
-9.460383623041379,1.195267674883107,1
-6.127800038804002,8.273271561779977,1
1.753045197832316,4.870706138264251,1
-2.124244868769971,10.58272979457081,1
-4.151028443517222,9.764855150750154,1
5.068366064091559,-5.066214030123308,1
-9.042741092362075,3.312374624186925,1
-8.884610196482914,3.773087644090639,1
0.1535680674466057,11.11570532684419,1
-0.09643016260714504,-7.745114739823936,1
-6.466330799006261,8.05204603688434,1
4.518983369246039,-5.486833572179934,1
5.830809194488414,2.054250887899128,1
5.588746965033915,-4.137364590699614,1
5.681607539251472,1.923464383656126,1
3.188303919507579,10.95216387999841,1
5.079238099397541,-5.069460803891281,1
-9.074158977623467,3.803955574659267,1
2.454780468118809,11.08014127686835,1
5.69331140131271,10.07871981935443,1
2.451772888526449,11.10100343006682,1
-0.05596959795542034,-7.72653624357069,1
-0.05595949407927114,11.15450634441566,1
6.513486296511165,-0.357242864032941,1
1.387514887513456,4.900277450096955,1
-9.226442023539589,2.427270688619474,1
-9.272806621703564,2.62648378135267,1
-7.254186705668614,-4.643413192612218,1
-6.401313833266543,-5.517196350833552,1
-1.257594340827921,4.335599358522553,1
1.98743971619457,11.17521130689261,1
5.958926343017005,-3.394937120294166,1
2.974605503875586,-6.726969853810019,1
2.387440680009872,11.14204961865001,1
-6.886655556788713,7.622273294809417,1
6.420710549492628,-1.773169483615058,1
-8.675129211773394,-2.254768400537737,1
-0.2924750096153471,-7.826202942708654,1
4.63633686299571,-5.408894835060433,1
-4.41197212797151,9.638881288356007,1
-8.677868895406728,-2.692902308642698,1
6.034495238065515,1.276662015204573,1
-3.161780946793635,0.521649184259128,1
-4.331905940398508,-7.042881758206964,1
-9.268735920476507,-0.3435883328490342,1
-4.881876580930351,-6.797613476715214,1
5.790273520398361,2.01847555786029,1
4.354696294916018,-5.791649463392696,1
6.237141809556815,-2.57217134776823,1
-2.306851594363722,10.57639444374986,1
-3.200966454293409,0.895691955280673,1
-6.722406515501417,-5.43795039205602,1
-8.987955267849495,-1.855350491071337,1
-0.3410128011088285,-7.867713956516981,1
2.432855512917472,-7.0531387464878,1
3.131773814726136,-6.641451669526308,1
-3.292329131445375,10.2546142072487,1
-8.080478878959221,5.95958276572826,1
-4.32005819015824,-7.154561508940816,1
-8.31316704909387,-3.144076433187942,1
-3.186665043987128,0.7934421764738868,1
-1.016976432912048,-1.638347205494557,1
-0.06220010169288726,11.09597392301224,1
6.210624200904026,0.8022469748488367,1
-9.364513577295469,1.222438044896931,1
5.958374433772873,-3.412889459414896,1
0.3809589891606108,4.867081255740249,1
-7.362126279498619,6.935646647366148,1
-9.269931143996731,2.895408789937064,1
-0.1931498269805673,11.06905235016055,1
-5.773705017299244,-6.293806868909118,1
-2.93707264582863,10.38833438248313,1
-5.058144408805251,9.299028527839448,1
2.458091638038735,4.796935497393456,1
-8.725642541628973,-2.627769405158784,1
-7.87043841914589,-4.157187107876151,1
5.32170181105047,-4.505396102726089,1
-7.308806623945605,-4.824895157246674,1
-6.382624810472625,8.056453944798813,1
-7.496640989332753,7.013786316805392,1
2.761565664486233,-6.863261709828206,1
-4.994021030366887,-6.781025178245319,1
-9.176045008068417,3.05134635418913,1
5.680632368263409,-4.012408390798284,1
-2.483465208955018,3.098424739771812,1
5.394196235309379,10.20772436862229,1
-3.143778069577135,0.5169632696263445,1
-2.177119318999715,3.582814104751751,1
5.37407111941034,-4.425176204621092,1
-1.47022370191817,10.76235470956067,1
-3.124815538632554,10.22761423365639,1
-8.753042647825014,-2.198733275256442,1
-9.38009070081233,0.2902107277424695,1
3.019483818984134,4.56403864702517,1
-0.8537187373575624,-7.83636542630772,1
1.233958665221769,11.16996382091522,1
-2.738015000106981,2.643222848285775,1
6.163825537960703,1.244170585428054,1
-0.4920914180518501,4.671235932325391,1
-6.377346197701228,-5.705345902848917,1
-1.717501999139766,10.77146415066203,1
5.634449160781537,2.136446776908919,1
-2.971694359083982,10.27999236475782,1
-4.423741787512676,-7.089972992620948,1
5.139454521207476,10.29832911212241,1
-8.998728216425093,3.717852324519769,1
4.485671784065972,-5.551616683376503,1
-2.718888611930927,10.36507351617255,1
-8.660509147361154,4.875720248183015,1
-6.905256206715607,7.577045498290468,1
6.383103129117931,-1.472909577826043,1
-0.2438401698264256,11.05624823663649,1
-1.696530196942483,4.057132871782906,1
4.318981491182061,3.851878392486208,1
2.274742340893009,10.9931506859429,1
-9.300096373329499,1.806831405943516,1
-9.077357473209393,-1.486647997326143,1
-9.116262187437295,-1.028683203836418,1
4.907768563719634,-5.123055622893413,1
6.415756590489234,-2.077447049004542,1
-6.538652301955578,8.105894672652044,1
-0.3563493083604719,11.03719926902715,1
1.928977405954036,4.898459207805987,1
2.432049293304448,-7.093921551718582,1
5.842375310483873,10.17136594397583,1
-9.287464996080462,1.356962556226772,1
-8.843200917926142,4.131486188603211,1
-3.926666752522283,-7.310814050723073,1
-8.920856670700044,4.182293945326568,1
-8.987563828159091,-1.605357929960167,1
1.242365381628743,11.12449780060156,1
-0.906640879234608,10.85510082345,1
4.821222808777282,-5.216057323436962,1
-6.554584220701501,7.873132279060529,1
-0.09111596924805015,11.01209966443477,1
6.154217892050491,0.9953522585186132,1
-1.083422901331931,-7.798583171427289,1
-4.208894929851963,-7.159308807545647,1
5.365186113862542,-4.598101655237184,1
-4.072456063462924,9.727603111020013,1
-1.60901636945539,4.115285758476922,1
3.350981704154661,10.92728487471915,1
5.933965788521427,1.707316916380979,1
-2.704278753677843,2.829316861583377,1
-0.6342708060617039,-1.776712009096565,1
-8.974544374999919,-1.735718966215273,1
-0.8995000863786144,-7.805133689629558,1
5.102140763058411,2.908967545937201,1
-9.104110422997339,3.51440333020299,1
1.708839709740894,11.20001578192735,1
-8.83240847482814,-2.052295648760245,1
-6.806810211464568,-5.432118345668212,1
0.3388231091898792,4.773175137124203,1
-6.226422327986714,8.319843058610463,1
-3.222715486857839,0.3754467744091767,1
-8.883671174709246,-1.79787784122628,1
-8.465971734205475,-2.974998413377731,1
-7.947227875528423,6.085228287719778,1
-9.290188893141844,0.7362005366971779,1
-0.9670001612172532,-7.789222842253976,1
-7.554896450277256,-4.374069990403826,1
5.271547242158285,-4.71965572118687,1
-4.758944014217405,-6.811270718758954,1
5.911262646247641,-3.239734037606065,1
-0.5716419208478977,11.0132618030841,1
-7.518054541806781,-4.338295396501412,1
4.543056903164345,3.542961376067406,1
-8.448506073937132,-3.196405643810632,1
6.4556832799425,-0.2247699678603076,1
-8.189809218957272,-3.341548730139835,1
-6.94306353318514,-5.041930224146027,1
3.048834327164861,-6.727957326702072,1
1.87937759219796,-7.39064405365279,1
-5.017353260673763,9.351734197493327,1
2.785821383911687,10.9576004333325,1
-3.813739339275325,-7.215867837372722,1
-1.473171698852793,-7.760906661036423,1
-1.139961111065463,-7.889973751420998,1
-9.353389151093367,1.413954118915611,1
-8.424434962695191,-2.890040683391559,1
4.540879716690081,3.421905039342692,1
-8.468365666836382,5.168542753800524,1
3.571576384140484,4.266289914600907,1
-9.196389945494873,-0.8911724423461659,1
-9.263248454243787,0.2290919022273937,1
6.399879744207189,-1.5648093191742,1
-1.822265614636964,3.943837723041426,1
-8.487154026739312,-2.948319459367133,1
0.6101840319040093,11.22038202996976,1
4.416985076324949,3.788876121438134,1
-8.034803182908217,6.087657851827618,1
-2.081955971696898,10.64728896096884,1
2.662738170496682,10.98470229501702,1
-2.930063934337733,10.38757886821267,1
-9.11085499549859,-0.8272038964121371,1
5.36021290868655,-4.570683433122848,1
-1.246291132579312,-1.743651860011101,1
2.797148299819296,11.07159336330771,1
-2.937814274796218,10.30030216064791,1
-2.21283774792296,-7.739109518877584,1
0.3806170543360483,11.18141475483171,1
1.808891138628326,4.806780275143403,1
2.398338759462481,4.643968922205719,1
-0.3487126351909066,11.01998249096641,1
-0.994585087949317,-7.896324055239791,1
6.320291610257686,-2.657294890086763,1
6.115714891796808,-3.189583599159885,1
3.447270284222769,-6.510120340328659,1
6.254201282283963,-2.524527792876766,1
-0.001000313692301014,-7.811146596466777,1
2.238018359916383,4.672516557070992,1
-6.155450462837988,-5.976062230262457,1
-7.992248896044934,6.26262544911397,1
6.266629901742946,-2.605059416420221,1
-9.280785638225217,2.864774750005628,1
-3.490385851766491,10.17511733547703,1
-8.666317445638754,4.861534105105566,1
4.221772193620675,3.712753557967809,1
4.756811341843495,-5.262501875973176,1
3.360682257901074,4.302278382057036,1
-9.364526834336917,1.703502663049347,1
-3.114074235762075,1.167954575997979,1
0.3683977301674567,11.01437040621439,1
-8.772935751039334,-2.278402433398993,1
6.324327104114901,0.5578279009246544,1
-5.116987430224619,-6.526782926214468,1
6.092860401707068,1.172921388749151,1
4.883757595023809,3.032155840833938,1
0.2525590965595164,4.945377666906489,1
6.015626014548536,-2.900479045725574,1
-0.07579039001440624,4.810184495400474,1
6.01163557433542,1.353714363403322,1
-7.170727531117362,-5.012062800098715,1
6.425495309272192,-1.919589316169209,1
3.483730810205511,10.85428297497238,1
-5.894468454014305,8.691486508188214,1
-8.401562835482686,5.298906261295428,1
1.533049358709872,-7.366512354503418,1
-4.424143175686887,-6.943319334164838,1
-8.05080436070401,6.042302976236357,1
-9.402978932548416,2.102029006572305,1
0.9854006891168546,-7.574047153264522,1
-0.6342650905018941,-7.717520750824245,1
1.680043699304338,-7.432824805643889,1
1.577354133258667,11.2191334940512,1
-8.026085988386047,-3.789014892167441,1
-3.59778293047979,-7.338894150867834,1
-8.496498196725197,4.979897055981557,1
5.148280887913047,-4.850262532839404,1
-9.450520966666691,1.35069931269155,1
2.803089667349484,-6.841705453203386,1
-8.140259355520191,-3.393975948587593,1
6.362204539133025,-0.1789046774050905,1
4.763788464705249,3.365735850081967,1
-2.599694832671775,10.57495744685851,1
-8.322364404868543,5.440990961294944,1
1.397973746430698,-7.540088743264221,1
-6.94705954939487,7.426665739797979,1
-5.035632164118141,9.299652629141473,1
4.605699853770901,3.325342850126655,1
0.3022978079983649,11.02332041370555,1
-3.577139367688249,-7.270555116504596,1
4.578511377746221,10.57409354792036,1
-6.618784297620104,-5.451624276163404,1
6.074262818230257,1.1347151269075,1
1.909834468696504,4.911195518038332,1
-7.408017332062657,6.968350838873723,1
-5.638142303726339,8.901476845288068,1
-9.352464936685905,2.054727614755417,1
-3.090013640443549,1.203036388230848,1
-8.656015625954367,-2.53130421883863,1
-8.799430684019395,4.520219955600614,1
-6.562307423919346,-5.452579112401398,1
-9.007310522872995,-1.450063848650637,1
-8.951883821644996,3.714738031897644,1
0.98306638384195,-7.544905908875003,1
0.2868240842108963,4.938382160782748,1
-1.54847964906949,-1.607208402819983,1
4.924642221596963,10.35782913872618,1
-9.043161664699944,-1.05649961068001,1
2.134108925808831,-7.324557895758177,1
-1.158229768869293,-1.623007909557742,1
4.632191551152591,-5.481572102629111,1
-4.414720522325562,9.697862983510593,1
1.867931366186488,-7.323386231465275,1
4.437361133785653,3.711824482406188,1
-2.141636726559895,10.56520478169108,1
3.29447480130123,10.99940895282757,1
1.081419665693849,11.15929842689487,1
-1.585704193584765,-7.783430457412052,1
3.56477145025006,4.265765276938938,1
-5.173691838407334,9.170687127109046,1
0.4804628173023235,11.04281467234174,1
-7.693314135174914,6.521419317688958,1
0.9045573128488806,4.981092027476334,1
-2.520819730231437,-7.6652113561367,1
-4.279307393505661,9.749487432084226,1
-4.90456705446568,-6.788838579518193,1
-4.583372212859778,-6.960129155268978,1
5.553553872759197,-4.179426273511022,1
-3.821848981398424,-7.293452879053078,1
1.662153555909093,-7.388223898489262,1
6.481364413924219,0.136781071723826,1
5.745545943094862,-3.792880659144373,1
-2.640993295401251,10.4442149008934,1
-6.23225655353881,8.243376934793028,1
0.2990189241560054,4.921839732032847,1
6.193565276493246,1.313068936128275,1
6.239923677192282,-2.305757615432487,1
-1.160825756869233,4.320205843982082,1
-0.4036729184859661,-7.833139360534042,1
3.372817277210881,4.360633482018485,1
-4.175339405006953,-7.206675069500244,1
-3.865096698374129,9.843874109086011,1
-9.152995603805133,-0.6831536049876035,1
5.865331081587085,10.0966903334154,1
-3.560998194560279,10.10580106850492,1
-3.216577188094255,0.5677463875899121,1
0.9935134432084733,4.952031530192154,1
-1.734292630452619,-1.476894739748625,1
-1.542221076075194,-1.557948007887985,1
-4.408154146733269,-6.972820366990597,1
5.375625513506376,2.705051904645871,1
6.267181583324763,0.4931444322295139,1
5.960139661023419,1.790921532979449,1
5.171535854578437,-4.659308883244698,1
-9.212454619296508,2.914152146427566,1
6.41025985442655,0.2535565557188758,1
5.574665508563388,-4.0943851753578,1
3.651636811410365,-6.319693866155193,1
-1.959435178972857,10.7835074372887,1
3.331085526572441,-6.561165656192714,1
-5.898556275438192,8.498921683518587,1
-6.758292625081536,7.80144838810146,1
5.816332172364588,-3.765301699057875,1
-6.595835677237638,-5.481153916322979,1
1.830305223060809,4.954526161230746,1
-5.895194704890099,8.607407923386932,1
-6.226588586098897,-5.74772334204699,1
3.200010810932922,10.92762441791399,1
-1.659435134877258,10.6959533296871,1
-9.333574685002397,-0.05530909841156902,1
-2.24675420495536,3.566542427157664,1
6.139359418652131,1.020140655273263,1
5.387513206665473,-4.398178063220656,1
-2.403903588961816,10.58725307104698,1
-9.450652178024187,0.7974607798245725,1
-2.295146718078347,3.550664731436987,1
-8.22770540205924,-3.53692993347101,1
-5.154325257966694,9.297595413688775,1
-9.386017750827031,-0.1852796689362216,1
-7.14819500518858,-4.957275246992906,1
3.552800804978302,4.328469393134558,1
-2.887879979820966,2.321863841732386,1
1.428128608009727,4.948918642299485,1
-9.30629023918163,0.974812412432595,1
0.742964416706887,11.1308653357706,1
-5.46608340616819,8.887112853613363,1
-0.3358072700545752,11.15224487649887,1
-2.162400710184719,10.58563770932619,1
-2.551968369780944,3.072381217209207,1
5.961182719915295,1.429208230051977,1
3.661106741765446,10.92617483536748,1
0.9654533732217433,4.85361044163869,1
-6.965292744682786,-5.142654407726805,1
6.287140933894472,-2.254892478107922,1
-7.833841710520085,-4.223025270451203,1
-9.302727613563276,2.767229326642171,1
5.120465959870987,-4.730713607529501,1
0.7464314220079356,4.832127325336636,1
-8.87797007701025,-1.64106960590554,1
-1.560930775625696,10.80997138124153,1
-0.2329002966434483,4.785220274620748,1
-7.180405884278739,7.409024566042873,1
2.555223081227999,-6.935587810963593,1
-2.984851688939164,-7.575024973046204,1
-8.793286050049716,4.482538021003346,1
3.304079394928623,4.394494822367975,1
-2.406035727878211,-7.705088378445062,1
6.482453030988566,-0.6637097608860931,1
-0.2388195673673496,-7.707127814115098,1
6.11403588414594,0.9406403240403857,1
6.373265994054148,0.1977185662842293,1
-3.541140863242336,-7.427731902235894,1
6.410160295904804,-0.6201019144545632,1
-9.147201565268608,-1.018465696723508,1
0.5244877592196944,-7.747172173046786,1
-9.219558418214664,2.877477740037961,1
-8.503413584938389,-2.608068239574168,1
0.02901525609642954,11.04526778288752,1
6.256335590574118,-2.623702906304395,1
-6.225079669471489,8.270896003860699,1
0.5079568818607676,4.980987055137976,1
4.138357875762117,10.66738420172802,1
1.855370295784896,-7.204924303741161,1
1.313781339026284,-7.524662313428102,1
-0.4983373183313438,10.92366649237489,1
-2.102187399513555,-1.285049067894847,1
4.961130636271894,3.092622468350406,1
3.240890915635338,4.408946618828004,1
-9.167832293582984,2.988189252088485,1
-6.31597654099803,-5.787939867667339,1
-2.868433063532234,10.36910808391569,1
2.812748685162906,4.719324359115102,1
6.407987244751941,0.2394630798158696,1
3.029300655094906,4.492584208398624,1
-8.206848997714642,-3.532826286299554,1
-8.060116770872424,-3.743194355922004,1
6.406491293343795,-2.05681126121682,1
-3.019461359808102,0.0324946060282696,1
-8.618817883999704,4.741802449814891,1
-2.688529128639491,-0.4406989139079845,1
3.030263672332207,-6.629827736300627,1
-1.196082048549174,10.95589849650705,1
1.426428889206923,11.0821928251953,1
-1.234299187243339,10.83133569397864,1
-4.897626912448686,9.411788883649894,1
-1.933340511346983,10.72702473277831,1
1.383783668733422,-7.486146714958198,1
-7.35301838385597,6.974523907405231,1
6.486300111209562,-1.377392453784758,1
-0.9111613312044522,4.341537159194816,1
3.396477478759806,4.42883989271813,1
-6.29930004551871,8.097838393137726,1
0.3235024387467912,11.10715130707395,1
2.26111416628844,-7.147114464953559,1
4.99569330636903,3.076126186043601,1
-1.567109161694134,10.82935436367836,1
-7.463541439221544,7.100928331268772,1
-1.350880813384644,-1.62653116657229,1
4.379305070130711,-5.767066997091041,1
-2.984089268512976,-0.03256061021040182,1
-3.201993357477963,-7.44822096989423,1
4.245470013439503,3.712625466411277,1
4.473683887179159,3.658753262544984,1
2.419869790284733,-6.961293407762006,1
3.260655987308024,-6.63444856622504,1
-2.466698027767892,-0.9931935163851782,1
3.689691389600807,-6.433697770510364,1
-5.525874998340434,8.847739248193319,1
-0.1549133155774345,11.133061460362,1
-3.10212670143745,0.9660329944601287,1
-8.152846535446308,5.767453040392746,1
4.44331283344791,-5.501397537707501,1
-8.276299272343214,5.485858920365009,1
0.4150503647814064,4.779723522005621,1
4.520958458779909,-5.584480629668135,1
-0.2594899482109319,10.97930880571603,1
-8.702321169923733,4.531094660999763,1
-3.615178215910376,-7.254113529859106,1
-2.330998797302404,10.62283316820138,1
-7.313350149612885,-4.764002202856355,1
-1.072875901199833,10.93093034196655,1
5.451072604780883,2.448633386568906,1
-6.955637823441013,7.652690432613518,1
-1.573934496798811,-7.795083908581583,1
2.780150869273969,11.10067850885365,1
4.716238643477117,3.381616601344987,1
-2.269165861052949,3.37967886660934,1
3.68851328831678,-6.414685758536353,1
-0.4828149675009611,-1.685814070485721,1
5.322515681665808,2.716723822156152,1
0.05654772175915262,4.864672254024861,1
5.914121540619652,-3.491481271953099,1
3.415438757199557,10.94840946920231,1
-6.325892893797478,-5.618674322859927,1
5.061965313209664,-4.7971110996255,1
4.250935036222488,3.816329201798218,1
-2.717586784308359,-7.602978589771261,1
-0.8278496630264556,4.567033487835099,1
-2.539865870953716,-0.8303428582050481,1
-8.156386095634957,-3.613813501099925,1
-2.223672713146115,-7.606658201853745,1
-4.767319940037236,9.275438104947124,1
-6.960782485765582,7.554887800183536,1
-3.78460160838451,-7.288138418699042,1
-2.94203999318135,-0.1645179864726722,1
-4.918331087532811,-6.806918612042228,1
-8.025960567985361,-3.898879458226728,1
-2.284555417378152,3.452781656519706,1
-2.721933270447927,10.38733092168365,1
-1.619419165144752,-7.777097214399231,1
-3.104202071135402,1.206666400987747,1
-5.254915494319023,9.106173585783887,1
-3.632698323789189,9.978324241849018,1
5.575081342100655,-4.227093645535742,1
0.9237287712329296,11.12529311837548,1
4.540573780761017,3.646917446211678,1
6.507434418750617,-1.191619739517031,1
4.53975292514447,10.63802653700998,1
5.952768973171854,1.437390319014769,1
-8.414258648948756,5.340330385596061,1
3.015357720007938,-6.899012341311266,1
3.560987246955837,10.88150998807963,1
-6.919560398836443,-5.259745301847177,1
-8.027140194061307,-3.657536580865142,1
-3.04474419177543,0.4701628377085663,1
-2.99009470856148,0.1642581691365026,1
-4.194883905347901,-7.110986666606935,1
-2.074258382661254,10.67782005144484,1
0.2380256310585795,-7.689490979222831,1
-3.33682726558451,-7.512205900934711,1
3.454888144981186,-6.565222880076266,1
-0.06529828990903061,11.02432510853284,1
4.283058897699992,10.64636680052458,1
4.972818713231794,10.52154799067174,1
3.340987569581277,11.00668901728012,1
-7.144420455104175,-4.937074191732798,1
5.549266409121389,2.427793642163267,1
-6.873423256962572,-5.229859004773565,1
-2.120668329443587,-1.252660647471846,1
2.049589239341919,11.17182302703716,1
-8.512707996950121,4.891248359348698,1
-9.246147772953007,0.2017107906029121,1
2.424480117409411,11.15074375541416,1
3.865580016865476,-6.131473662900868,1
-4.040895265331361,-7.143671375904847,1
1.570720344378445,-7.394228744585671,1
-8.709819541367947,-2.347650846557074,1
5.828090195954656,10.17517881223537,1
-6.510205498202433,7.990812132513688,1
-1.752424220786738,10.76169563146427,1
6.31597323355988,-0.03997079740252567,1
1.827265258626186,11.17531203318174,1
2.208487621285774,4.744842460819726,1
-9.385453294018628,0.3124868924950652,1
-4.63438327607925,9.505808964616046,1
5.586067541817968,2.384915866658644,1
-3.127108363490088,1.648769034521413,1
-9.121877938498171,-1.130793479843296,1
3.390454197123049,-6.466621280506589,1
-9.30910183423345,1.259396861737858,1
-7.907560880750672,6.263745274437624,1
0.8640080131563139,11.12792529996747,1
5.624777548125949,10.11384629305675,1
-2.083931099778354,10.6637173695543,1
-8.214043886313428,-3.326160866315796,1
5.218114222598466,-4.800076461076261,1
-8.492209762602636,5.222534841684024,1
1.80034515818314,4.803424521046637,1
-2.455262184633245,3.113084975235983,1
6.170974526450252,1.262105723062539,1
6.407851255902204,-1.736546331108217,1
0.3114130079503863,11.20220462593957,1
6.390704700791863,-1.832650058312834,1
2.991782178409863,10.91737847894046,1
5.583202899419752,2.10889166447561,1
-2.426913921402578,-0.9731909632066832,1
5.432815756901253,10.22047385798167,1
0.2894087329948421,11.16255333693915,1
4.870109791926055,10.54328981534394,1
-8.495160127193659,-2.782241976054588,1
3.683771509659414,10.77511019143868,1
0.209594395828991,4.741373010053664,1
5.885493287114604,-3.606973249558842,1
-2.959848336979895,0.1684456807634629,1
-1.751631804981183,-7.687721842889241,1
-7.422087165354379,-4.593152132200173,1
-3.862389490541608,-7.285954002146469,1
3.375801755528996,-6.432148165177816,1
-2.06249317444916,3.597517821656684,1
-6.896582372201888,7.520527813627911,1
-0.03462691646814025,-7.711665190533541,1
3.350572033345174,10.99185767459814,1
2.525255195878026,4.665944401554806,1
-0.7194056926656803,10.95539607050097,1
2.222726396366616,-7.20323187228391,1
4.378784202063192,3.63868885889547,1
-9.444249656020352,1.113867317980153,1
-8.655866602488283,-2.459294701602892,1
-2.076889838388444,3.602876738279168,1
-2.244198394385666,-7.683771217343426,1
3.662194692923599,-6.308482129761881,1
-9.281686360473879,2.684248780865759,1
-6.27268527134321,-5.846347436617179,1
-7.211535980791593,-4.743941699845483,1
-7.720927070066018,-4.070102941428535,1
-4.766844730921582,-6.77220401324709,1
4.440292138569905,3.698884910290521,1
-4.35750324748394,-7.088430655922425,1
-5.163881895897046,9.015323743469546,1
-1.742527210230242,10.71722998353143,1
6.41182684723322,0.4022827815674413,1
-4.834079447261776,9.303360912599814,1
6.317012708803092,0.1116324603835471,1
-1.644261671568013,10.78206325904672,1
3.641062029691091,-6.376891040639981,1
5.543621062275781,2.193735029674073,1
6.312605587522858,0.3707720729266288,1
-5.325381696188351,8.994339379093061,1
-2.265878024087034,10.52073062554236,1
5.791159956387053,-3.741589803442508,1
1.638676342621685,11.05542622703198,1
-2.997667946692541,10.31916888201605,1
-6.121242746917298,8.263091052401572,1
2.434860405261781,-7.047039548510109,1
-1.034975878621696,10.84514311943221,1
3.45885726687828,10.93345377273216,1
6.457768761473861,-1.345611049778154,1
-1.149191593385004,-1.747841630606602,1
3.613932391135856,10.76861691972367,1
-5.823164082770898,-6.175217807734493,1
2.506910555241868,4.703243372752488,1
-6.721338947374631,7.802602871825518,1
-8.976032631268453,3.74191220422377,1
0.9096587700255275,11.05242210707983,1
-0.5251503189800587,-7.792610310086584,1
-0.3627505446984897,11.03322373536223,1
-8.109875246977039,-3.699014600807799,1
2.862636142540226,10.91125875634886,1
3.302786787667015,10.90595356566403,1
1.056848248456509,4.880015227134357,1
-8.978149171683114,-1.468795837172815,1
-3.19241602942631,-7.429688702628526,1
-4.173371554524957,-6.99060380652949,1
5.203499286264977,2.914856315594486,1
-9.177424031933793,-0.8703046363638326,1
-7.003573698371613,-4.898722629447389,1
5.483785158739846,10.26039212284964,1
4.429844196284508,-5.666179676001184,1
-0.7706106922784883,4.497428292181838,1
-3.03796299731807,0.03146176484846351,1
-9.236713436241995,-0.2543680497707453,1
-9.291150075695372,1.883313978608142,1
-3.243314396386219,1.209337216047956,1
5.571611682182995,10.17708080988237,1
-5.128630178113045,9.025732458227999,1
3.155314394616587,11.03247138863649,1
-3.000311649451861,2.345706622038275,1
-1.447530867025849,4.132855736540503,1
4.026084014074991,10.78776681667297,1
4.011667235550049,10.74265342859808,1
-5.631098299166233,8.74097142797592,1
-2.015521532875782,10.75013694458169,1
-0.9248319584260293,10.94454405421277,1
3.125914411493366,10.95646411068638,1
-4.731953992136047,-6.801055486397654,1
-5.455353265419337,8.957331615649061,1
-9.091926484754129,-1.000007410105483,1
1.338946910700575,-7.597975644618632,1
-1.80791461777151,-7.75173460234111,1
-5.352477397616767,-6.505102389079767,1
2.964536452967119,4.659268421198878,1
1.440467763451113,11.10133030774245,1
1.617099417807254,-7.445163733392999,1
-0.1032444682124377,-7.83056060879821,1
2.391756418772019,-7.123784890348483,1
3.818598160119626,4.090753043924835,1
-0.9768972542039115,-7.906168999702218,1
-3.007910696345575,0.1721827192721601,1
5.005250242497457,-5.062411077221072,1
3.741249011466925,-6.335791606613924,1
-1.229379424574974,4.283799048211435,1
-1.78614506834791,-7.850190824696044,1
2.267880285390642,4.800654926541715,1
-3.196407825355966,10.36319653719448,1
-8.790010943875151,-2.035461584843049,1
-9.05450373046936,-1.11009444937134,1
2.660403801286606,10.95002632392106,1
-8.763838278774895,-2.286392362169955,1
2.718787198643245,11.06399146196158,1
1.469262028030043,-7.514018269537798,1
5.431103495505763,10.15615887528032,1
4.931179192718972,-5.066762620419514,1
-9.19407919613152,2.694465362306371,1
4.237036047343087,-5.782976520710425,1
-9.37881130367664,2.075978343570675,1
6.419964938744998,-0.1249108068037274,1
-2.493353779828546,-0.8117022599056444,1
-6.066395604374613,-6.057277247439751,1
-9.147436610425732,2.888195662212747,1
-8.294097475020404,5.540787578029168,1
-5.666419931887734,-6.228730239059027,1
5.990323102404395,-3.568285334324867,1
1.365077005500559,-7.414374118390738,1
6.372019117630841,-1.194092215620438,1
-3.026371690904734,10.30332623257272,1
-5.982211279705353,-6.016873713188839,1
4.164956498791416,10.687833848332,1
-8.960772343101443,-2.005294255418298,1
-2.906934064025295,2.221294107422707,1
3.590142441665277,10.91308685516959,1
-7.402194607327087,7.053330793278622,1
-2.28100888865709,-7.596311621655108,1
2.745310689421779,-6.816754713785193,1
-0.48054156475396,11.02668451717954,1
3.889718723425292,-6.119735192909569,1
-3.788119277696525,10.08362831606943,1
2.497711042309558,10.95167249995441,1
3.380269291445491,-6.543700872093502,1
-9.206263283499887,-0.05346542291098991,1
-9.279697199383326,0.703398742936137,1
0.7117323262981003,-7.567649593300919,1
-4.223059975293686,-7.097403854940763,1
-1.23529096073477,4.33123105014065,1
-7.750735976160117,6.386776121881897,1
-8.7016572975692,-2.512225432032989,1
-9.433556879627115,0.3738705776861115,1
-1.167443901593026,-7.729302914780156,1
-2.680898469370772,10.41739959634666,1
3.456949018263677,-6.577658947148077,1
-2.298851850586488,-1.136622343892538,1
-2.700082698769758,2.900633819305566,1
-8.657282304543616,-2.684713971734529,1
-3.144700134070976,2.018673384347134,1
3.7872809861763,-6.200808703370499,1
-5.970727962919638,8.442891241858092,1
1.06773779056878,11.089192147255,1
6.368596849750668,-0.8384397808426489,1
5.882163412111206,1.720921658163613,1
4.771131364266845,10.63846426525905,1
-9.317097648580692,1.104110649644865,1
6.002437273683161,1.408985345006335,1
0.9505064781676253,4.936882308849231,1
-8.748978729990965,4.400147383244646,1
-7.559247207471755,-4.291480923381611,1
3.837895307523992,3.98625783526776,1
5.959438031716603,1.464722924736332,1
5.56798147760216,-4.121928374776737,1
-6.661078246188818,7.728518155378095,1
6.180172707830273,0.7827962738831861,1
-5.47497002106456,-6.31446441416591,1
6.512734110548591,-0.8267741488608954,1
-6.719264007726803,-5.430123230942467,1
-1.551713085532373,10.83786459037977,1
-9.121047747490223,3.203433420240008,1
0.2784051371148005,-7.757162855765858,1
-4.246896879733074,9.804442848539223,1
-8.914153222401852,-1.79007059462173,1
-5.757490442897249,8.815015593749672,1
3.189735613990405,10.94305989976117,1
-7.927192023570763,-3.791875242341811,1
3.10301608726943,-6.68730174841616,1
-6.645861289488217,7.800456292719919,1
-8.840854805978193,-2.021285008597813,1
-8.779391285780276,-2.334973790275733,1
-0.4525793568380418,4.584559198312002,1
-8.925396742278409,3.937974449821993,1
-2.599276151011546,-7.696044271371498,1
5.836216561247671,-3.670515024947081,1
-9.025622165031642,3.471397292537155,1
-6.048685791780426,8.332859823150987,1
3.466915080686586,-6.546005857419747,1
5.140232805830833,10.32404778202991,1
4.964487394378793,-5.246907573759049,1
-7.948237643761848,-3.633659843945778,1
-2.576891341596964,-0.9296766225704211,1
-6.174252236241052,8.393035631643176,1
-2.538465889410817,3.282815862929967,1
2.699781592692374,-7.042657519122856,1
2.117839645002687,4.890535803887988,1
4.552803212484873,3.569859738497874,1
-3.16511719812909,0.3981413986393388,1
4.303076574518918,10.74530731681612,1
4.95226346714744,10.3586590669135,1
2.130241665690151,4.820768097831853,1
4.286773479525442,10.7606120164087,1
-7.531105519178277,6.733666848781982,1
-1.794109211181869,-7.72576597580808,1
3.182684899392181,10.9764625491426,1
-9.467930447836061,1.383402935439649,1
-9.41271364884415,1.669538004771393,1
-8.231139187554314,-3.439807128270645,1
-4.206604953629878,9.775454359140143,1
5.724000363253237,-4.115685454468625,1
4.055949599106784,10.65977932737277,1
-6.782968063369991,-5.290422411503897,1
-2.348184949740941,3.265990603850119,1
-2.59248826125769,2.806335873728961,1
-6.59268734060944,7.918691514158386,1
5.592988312621467,-4.269768341498916,1
-7.392132594734385,-4.696905140933712,1
-6.503979969702153,-5.516681240753496,1
6.217558166941322,-2.302120941324933,1
-8.409001980161317,5.434835968314355,1
4.41114644340922,3.543238616922826,1
-2.240921686883144,-1.186828543563553,1
3.234117505209858,4.436221140835125,1
1.170446523573337,11.22547090017231,1
5.276853302470629,-4.518610037249049,1
4.788574857036261,3.259287924140214,1
0.06249959343764974,11.16989266957794,1
-2.989693146961192,0.09637760852591723,1
-1.130484054297145,10.98286735628982,1
-2.225260892753747,10.60804341627495,1
-9.056559497851579,3.562525342301211,1
4.488766655937893,-5.655925145752598,1
-9.271123172641714,-0.1216734672432529,1
5.59558643635645,-4.132339159264443,1
-3.10589895164575,1.718052438665496,1
-8.171313172969187,5.718480087218172,1
3.325250356763503,4.438118834844225,1
-2.561975037591851,-0.8587287693720279,1
-8.903649544273369,-2.176752851029524,1
6.45357182027341,-0.98883222457233,1
-0.696040050435056,4.548613482352379,1
-7.302132632618029,-4.782594052766077,1
-2.54775130171387,-0.6924732918959331,1
-6.269546492978016,8.222083761713357,1
-7.265325719195241,7.102647953339577,1
0.07531375862325995,-7.702668960757192,1
-3.12882273848955,0.4762457618680203,1
-3.017700328954681,1.848210450835433,1
-2.281938454444771,10.55453638509903,1
4.068593749964516,10.80990405448268,1
6.260029896551131,0.38326578651586,1
-9.341767762531555,1.188918887686163,1
-8.865087740465068,-2.063962596799167,1
-0.1171469207908502,4.793215526950562,1
4.633761161939052,3.453074470707411,1
4.252730317305319,10.72956298203246,1
-8.637594790164314,-2.556074292418239,1
-8.616880454905701,-2.691282439017558,1
-2.299337625079396,-1.222164194546228,1
1.922373095631462,4.858373687538348,1
-8.410982251729743,5.499636845698003,1
-6.480827774644778,-5.634102605552723,1
-7.340845692714234,7.0434076962761,1
5.982523255451365,1.635623532942936,1
-6.550511871479032,7.763682684914229,1
1.989981684849923,11.0486059194037,1
-9.373259011572751,0.6510517426458536,1
4.377090939393664,10.65463198940089,1
3.326148864919811,-6.528357360273408,1
5.448533768536663,2.539343709329656,1
3.352833101689222,4.315751542064683,1
3.66168288191588,10.80111932479951,1
-2.86166955898144,2.404883741204375,1
5.455928123035409,-4.300913848156717,1
-0.4160561624818055,4.613101901077365,1
-8.702324898743038,-2.47263095757393,1
-0.3303780899371192,4.78269391945503,1
3.11517049428398,-6.749967479038545,1
-9.17673631107883,-0.3659770612199839,1
-4.787482353183799,-6.80950610746615,1
-1.563986294907716,-7.776734750686434,1
1.582084874737943,11.1582235018077,1
-5.903089886232221,-6.132145890417439,1
1.375783065789632,11.06491390930044,1
4.437237590162243,-5.752605575383266,1
-9.358333824148195,0.6745503191765825,1
6.159524631161408,-3.128635834327554,1
-3.262047607640588,10.2923990457494,1
-8.150945564877475,5.873509344269248,1
3.46198495431783,10.96354320921154,1
-1.004015911219565,10.91619281988577,1
-8.657987932094137,4.71115038328375,1
1.433060848384806,11.14761706396051,1
-7.797481193951302,-4.100377813867245,1
-2.873816749091229,10.31879891970729,1
6.457225951284093,-2.011201861161343,1
2.676223535660945,-6.829969201965974,1
-4.724887767512949,-6.719572336790851,1
-0.3672995704359083,11.00258429476803,1
6.420283468786339,-1.863433420143186,1
-7.707063337482018,6.659237061019597,1
-9.346106102914144,2.476842008141064,1
-9.02843308883357,3.900879879223373,1
1.500392911889159,4.87868024357067,1
3.650182790051902,10.80122710469888,1
-6.250481284100215,8.241730271112031,1
-2.12994684692104,-7.651849659776015,1
-9.387684164125954,0.1188868094195062,1
-6.421584084786688,8.108487251818099,1
-7.087248368575673,-5.076162250060303,1
-3.280776843685529,10.25797883568413,1
1.404677120229443,11.13627535782277,1
4.262406997394606,10.67370331306623,1
1.779766041649171,-7.2611537913446,1
-5.003965178939404,-6.707277386369439,1
